Year,Crop,Fertilizers,Pesticides,Water
2019,rabi,0.7,0.7,0.5
2016,rabi,0.8999999999999999,0.8999999999999999,0.7
2017,rabi,0.7999999999999999,1.4,1.4
2017,wheat,0.7999999999999999,1.4,1.4
2017,wheat,0.6,1.3,1.2
2023,paddy,0.2,0.3,0.2
2023,maze,0.0,0.0,0.0
