Zone,Moisture,Water Flow
1,34,9.877206463090324
2,22,2.890984824657151
3,56,6.536988924021883
4,54,9.782048983577006
